{
  "class": 9,
  "probabilities": [
    0.07469350844621658,
    0.194467231631279,
    0.06359536200761795,
    0.06499885022640228,
    0.04398726299405098,
    0.09623505175113678,
    0.055941805243492126,
    0.029143942520022392,
    0.07999248057603836,
    0.2969445586204529
  ],
  "usage": {
    "before": {
      "cpu_percent": 21.4,
      "ram_percent": 83.5,
      "gpu_percent": null,
      "gpu_memory_mb": null
    },
    "after": {
      "cpu_percent": 0.0,
      "ram_percent": 83.5,
      "gpu_percent": null,
      "gpu_memory_mb": null
    }
  }
}