{"class": 2, "probabilities": [0.047348834574222565, 0.1387597918510437, 0.15581656992435455, 0.0681038573384285, 0.09493803232908249, 0.0972747802734375, 0.06502848118543625, 0.08285368978977203, 0.09955767542123795, 0.15031833946704865]}