{"class": 0, "probabilities": [0.3553568124771118, 0.06457482278347015, 0.2878488600254059, 0.045283734798431396, 0.024708840996026993, 0.03623726963996887, 0.066457100212574, 0.04056768864393234, 0.03280945122241974, 0.046155404299497604]}